{
    "description": "The interface gives access to three datasets, hourly observations for approximately 150 UK observing stations, daily site specific and 3 hourly site specific forecasts for approximately 5000 UK locations.\r\n \r\nBoth the 3 hourly and daily forecast datasets provide forecasts out to 5 days with updates issued hourly.\r\n \r\nDaily forecasts provide data for day and night using the following data time intervals.\r\n\r\n\u00b7         Weather symbols: Day \u2013 Sunrise to sunset, Night Sunset to Sunrise\r\n\r\n\u00b7         Temperature: Max \u2013 Maximum during 0600-18:00, Minimum during 18:00-06:00\r\n\r\n\u00b7         All other parameters are calculated for midday or midnight.\r\n\r\n \r\nHourly observation reports as recorded in real time by the Met Office UK Monitoring System. It should be noted that sites will only report parameters based on the instrumentation installed at each site and we only make available those parameters published on the Met Office website. Observations are subject to final quality control by the Met Office after publication by data.gov.uk, any changes made will not be retrospectively applied to this dataset.\r\n\r\nThe Chancellor's Autumn Statement 2011 announced that this release is open (OGL) and unrestricted (bulk download API):\r\nhttps://www.gov.uk/government/uploads/system/uploads/attachment_data/file/61959/Further_detail_on_Open_Data_measures_in_the_Autumn_Statement_2011.pdf\r\nwhich is different to the access provided by the Met Office directly.", 
    "license": "OGL-UK-3.0", 
    "title": "3 hourly weather forecast and observational data - UK locations", 
    "filepath": "/media/hulk/packagezip/metoffice_uklocs3hr_fc.zip", 
    "id": "ac7e514d-6012-4761-ad13-3dc63cfc26a2", 
    "resources": [
        {
            "description": "DataStore interface", 
            "format": "html", 
            "url": "http://data.gov.uk/metoffice-data-archive", 
            "included_in_zip": true, 
            "path": "data/metoffice-data-archive"
        }, 
        {
            "description": "Azure API", 
            "format": "html", 
            "url": "https://datamarket.azure.com/dataset/datagovuk/metofficeweatheropendata", 
            "included_in_zip": true, 
            "path": "data/metofficeweatheropendata"
        }
    ], 
    "name": "metoffice_uklocs3hr_fc"
}